comp_id,scheme,dopants,B_short_dopant,C_short_dopant,C_long_dopant,site_counts,n_species,sconf_kB,sconf_per_atom_kB,n_Ni3,n_Mn3,n_Co2,n_V3,n_V5,formula_cell,Ehull,Ehull_eff,T_star,dE_pris,E_pris_O3,E_pris_P3,Vol_pris_O3,dE_desod,k_best,sigma_vac,ddE,E_desod_O3,E_desod_P3,V_avg,dV_O3,dV_trans,n_unconverged,n_phase_flip,dE_desod_B,model_disagree,delta,phase_desod,dV_nat,suppressed,x_cross,cap_theor,cap_window,ruler_pos,Vol_desod_O3,Vol_desod_P3,sdV_O3,sdV_P3,score,tier,dV_pct,dA_pct,dh_perp_pct,d_inter_pris,vm_strain,dV_pct_O3,dh_perp_pct_O3,vm_strain_O3,dV_pct_P3,dh_perp_pct_P3,vm_strain_P3,gamma_pris,ab_dev_pris,dV_legacy,dE_x081,sigma_vac_x081,delta_x081,verdict_x081,k_best_x081,dE_x081_B,dV_pct_x081,dA_pct_x081,dh_perp_pct_x081,vm_strain_x081,dE_x067,sigma_vac_x067,delta_x067,verdict_x067,k_best_x067,dE_x067_B,dV_pct_x067,dA_pct_x067,dh_perp_pct_x067,vm_strain_x067,verdict_pris,E_nat_src_pris,E_nat_src_x081,E_nat_src_x067,E_nat_src_desod,x_star_class,x_star_lo,x_star_hi,x_star_mid,V_seg_100_081,V_seg_081_067,V_seg_067_052,Ef_x081,Ef_x067,convexity_flag,V_seg_avg,V_nat_avg,ident_resid_pp,conf_mean,conf_min
B_B-Mg-Ti-Mn-Sn,B,B-Mg-Ti-Mn-Sn,Mn,,,"{""Ni"": 4, ""Mn"": 7, ""B"": 4, ""Mg"": 4, ""Ti"": 4, ""Sn"": 4}",6,1.7645,0.4411,0,7,0,0,0,Na27Ni4Mn7B4Mg4Ti4Sn4O54,0.132179884819009,0.087592914936095,3477.4061861537843,139.58514178240742,-650.4169921875,-646.648193359375,1232.5540405540676,6.6709165219907405,0.0,5.604267149923445,-132.91422526041669,-599.1693725585938,-598.9892578125,2.604985924527857,5.27343113652412,4.698425335883021,0.0,0.0,,,5.604267149923445,O3,5.27343113652412,True,0.4943531384506264,138.11135984156954,119.6965118626936,-1.2313561571125264,1167.5561520050032,1174.6434092342254,-5.27343113652412,-4.698425335883021,2921.0,0.0,-5.273431207629199,-7.183720978653926,2.058140868355,5.441379848266397,0.0388781640473473,-5.273431207629199,2.058140868355,0.0388781640473473,-4.698425431671218,3.3109007317996104,0.0490154857243789,120.16239672000002,0.1949485199999969,5.27343113652412,38.44536675347222,21.76572684399748,21.76572684399748,O3,2.0,,-5.995436714418304,-5.40681425969741,-0.6222672913637776,0.0143535720702978,37.49367042824074,10.245123078044388,10.245123078044388,O3,0.0,,-6.6233087301734095,-6.417832244583772,-0.2195679909089856,0.0207582703641273,O3,O3,O3,O3,O3,suppressed_full,,0.5185185185185185,,2.21850286413121,2.791293391474966,3.0075562088577783,-77.59794142850751,-54.81843866853406,convex,2.637531747845156,2.6375317478451645,-1.1102230246251564e-14,0.019999999552965164,4.569181783153908e-06
B_Mg-Ti-Mn-Co-Ca,B,Mg-Ti-Mn-Co-Ca,Mn,,,"{""Ni"": 4, ""Mn"": 7, ""Mg"": 4, ""Ti"": 4, ""Co"": 4, ""Ca"": 4}",6,1.7645,0.4411,1,0,0,0,0,Na27Ni4Mn7Mg4Ti4Co4Ca4O54,0.0679293574946733,0.0233423876117593,1787.0946725129695,142.65498408564815,-628.183837890625,-624.3321533203125,1204.8897585989553,-16.676161024305557,4.0,12.275453939070946,-159.3311451099537,-572.296875,-572.7471313476562,2.8987011814389145,2.0714864644013384,0.9274670726660186,0.0,0.0,,,12.275453939070946,P3,0.9274670726660186,False,0.5689120728350046,67.27245316908063,124.93455588543549,0.1391321656050955,1179.93063033862,1193.7148028260249,-2.0714864644013384,-0.9274670726660186,112.0,1.0,-0.9274671074495612,-5.241419073008367,4.552571306320603,5.430986706281086,0.0488643113300924,-2.0714864648322275,2.430754722793664,0.0319157095701789,-0.9274671074495612,4.552571306320603,0.0488643113300924,119.84261344,0.1411520999999993,0.9274670726660186,80.65682870370371,12.711172442344653,12.711172442344653,O3,4.0,,-2.6061030770496374,-2.7108831926445305,0.1076997294593302,0.010035697397073,41.45869502314815,9.337539708334631,9.337539708334631,O3,4.0,,-3.41356782351335,-3.809162255228311,0.4112599921050736,0.0169074492586952,O3,O3,O3,O3,P3,transition,0.5185185185185185,0.6666666666666666,0.5925925925925926,2.7867889969437103,2.9265320389359037,3.209231623896841,-32.03337144987439,-36.95739572204578,convex,2.9597692027730407,2.959769202773049,-1.1102230246251564e-14,0.019999999552965164,3.3045334930648096e-06
B_Mg-Al-Mn-Cu-Co,B,Mg-Al-Mn-Cu-Co,Mg,,,"{""Ni"": 4, ""Mn"": 8, ""Mg"": 3, ""Al"": 4, ""Cu"": 4, ""Co"": 4}",6,1.7361,0.434,3,0,0,0,0,Na27Ni4Mn8Mg3Al4Cu4Co4O54,0.0632588748905718,0.0193895823737169,1691.4487558269063,124.21784577546296,-601.35400390625,-598.0001220703125,1118.156799185496,-19.352665653935187,3.0,3.589530941752298,-143.57051142939815,-549.622314453125,-550.1448364257812,2.6491988527129533,2.8253448181974594,0.9524979954013654,0.0,0.0,,,5.0,P3,0.9524979954013654,False,0.5834200782949819,47.35615395142833,123.12600027371369,0.2962446921443737,1086.565014000386,1107.5063780878102,-2.8253448181974594,-0.9524979954013654,212.0,1.0,-0.952498130677408,-6.42642651930558,5.849865709956586,5.350352477627461,0.0615898479593492,-2.8253448808820565,2.6512026871840275,0.0357686956232204,-0.952498130677408,5.849865709956586,0.0615898479593492,119.97650758,0.0121561499999955,0.9524979954013654,67.60434751157408,3.826334761019433,5.0,O3,2.0,,-1.2104467646491963,-1.6529483331312802,0.4499388247864936,0.008939578872933,45.62943070023148,5.452633732318144,5.452633732318144,O3,3.0,,-2.328725524227106,-3.3484978532164256,1.055102410556015,0.0183369906408117,O3,O3,O3,O3,P3,transition,0.5185185185185185,0.6666666666666666,0.5925925925925926,2.4966278641312103,2.5857422440140283,2.855838069209341,-25.545560396633643,-32.77987836093467,convex,2.6345738902730407,2.634573890273049,1.1102230246251564e-14,0.019999999552965164,2.2313811314234044e-06
B_Mn-Cu-Zn-Ga-Co,B,Mn-Cu-Zn-Ga-Co,Cu,,,"{""Ni"": 4, ""Mn"": 8, ""Cu"": 3, ""Zn"": 4, ""Ga"": 4, ""Co"": 4}",6,1.7361,0.434,3,0,0,0,0,Na27Ni4Mn8Cu3Zn4Ga4Co4O54,0.0656511250510307,0.0217818325341759,1755.4139870222862,115.14621310763889,-576.5859985351562,-573.47705078125,1130.988674021616,-18.40775101273148,2.0,7.432336356182552,-133.55396412037038,-523.86279296875,-524.3598022460938,2.73094370697978,2.0601046875744653,0.4086323735375045,0.0,0.0,,,7.432336356182552,P3,0.4086323735375045,False,0.5848811404498608,42.86969099793304,111.4611965946259,0.2407776008492568,1107.6891233321603,1135.6102598847108,-2.0601046875744653,0.4086323735375045,247.0,1.0,0.4086323884717928,-5.476733024141758,6.22636690510996,5.356827913376737,0.0613315997460434,-2.0601047474121126,1.9866096586219808,0.0268127695423651,0.4086323884717928,6.22636690510996,0.0613315997460434,120.06261138,0.0333079300000065,0.4086323735375045,65.0001808449074,7.816738763145159,7.816738763145159,O3,2.0,,-0.7951933478209896,-1.2959886313030171,0.5073707507300609,0.0084105331155105,28.17337601273148,9.936259012692192,9.936259012692192,O3,4.0,,-1.2820294352094392,-2.4686597453867285,1.216665645196199,0.0165946421831623,O3,O3,O3,O3,P3,transition,0.5185185185185185,0.6666666666666666,0.5925925925925926,2.60049749303746,2.6651184647171533,2.900882014521841,-20.798033798520784,-27.862983551459465,convex,2.7128068755494827,2.712806875549492,-2.220446049250313e-14,0.019999999552965164,1.6794975863376749e-06
B_Mg-Mn-Zn-Ga-Sn,B,Mg-Mn-Zn-Ga-Sn,Mn,,,"{""Ni"": 4, ""Mn"": 7, ""Mg"": 4, ""Zn"": 4, ""Ga"": 4, ""Sn"": 4}",6,1.7645,0.4411,1,0,0,0,0,Na27Ni4Mn7Mg4Zn4Ga4Sn4O54,0.0630657875652342,0.0184788176823203,1659.143220727542,139.6529586226852,-582.952880859375,-579.1822509765625,1197.7924309968157,-22.64630353009259,2.0,3.337215007539477,-162.29926215277777,-524.0736083984375,-524.68505859375,3.208257408902857,1.496006734439128,0.9617449593159482,0.0,0.0,,,5.0,P3,0.9617449593159482,False,0.585701669132501,58.32427879861399,108.31651776885457,0.4895833333333332,1179.8733755645012,1209.3121393249955,-1.496006734439128,0.9617449593159482,248.0,1.0,0.9617449704996108,-4.521017072109322,5.742375834428108,5.427056644914328,0.0548870723588704,-1.49600679247631,1.179972845878322,0.0175618465106089,0.9617449704996108,5.742375834428108,0.0548870723588704,119.87228735,0.2419829699999951,0.9617449593159482,81.70120804398148,7.333930575962261,7.333930575962261,O3,3.0,,-1.87735459755432,-2.1677716404328087,0.2968521189266143,0.0095834512212899,53.45323350694444,10.005401095781576,10.005401095781576,O3,0.0,,-1.9022187463695792,-2.633822804613997,0.7513944568002313,0.0154435099951857,O3,O3,O3,O3,P3,transition,0.5185185185185185,0.6666666666666666,0.5925925925925926,2.96313177038121,3.114871272334341,3.508242854365591,-39.70658609330679,-48.99192875267191,convex,3.17754733528506,3.1775473352850687,0.0,0.019999997690320015,9.987056728277821e-07
B_Mg-Mn-Zn-Zr-Sn,B,Mg-Mn-Zn-Zr-Sn,Mn,,,"{""Ni"": 4, ""Mn"": 7, ""Mg"": 4, ""Zn"": 4, ""Zr"": 4, ""Sn"": 4}",6,1.7645,0.4411,0,3,0,0,0,Na27Ni4Mn7Mg4Zn4Zr4Sn4O54,0.0751620674983621,0.0305750976154481,1977.373779987778,155.82275390625,-624.9286499023438,-620.721435546875,1247.524524438308,-21.89353660300926,2.0,10.401474643477524,-177.71629050925927,-568.2953491210938,-568.886474609375,3.0341381931576645,0.6086384130852139,0.9977307578316902,0.0,0.0,,,10.401474643477524,P3,0.9977307578316902,False,0.5778340286964485,89.26570623086103,105.49583463647214,0.4453954352441613,1239.9316109699178,1235.0775885464934,-0.6086384130852139,-0.9977307578316902,250.0,1.0,-0.9977308325889171,-5.491366596957275,4.754735734252705,5.469608408520973,0.0513998083182474,-0.6086385211718851,4.403153781942774,0.0479913850895719,-0.9977308325889171,4.754735734252705,0.0513998083182474,120.17498523,0.028356389999999,0.9977307578316902,83.57973451967592,13.474462110419138,13.474462110419138,O3,4.0,,-1.323219081238612,-1.7467937984053623,0.4311052367061389,0.0095332084538472,38.42954282407408,18.902173366028094,18.902173366028094,O3,4.0,,-1.8364369661693911,-2.69022219469293,0.8773889405355993,0.0154434477657342,O3,O3,O3,O3,P3,transition,0.5185185185185185,0.6666666666666666,0.5925925925925926,2.7668915360062103,3.1043274490921533,3.207675227412466,-44.342997406964194,-29.82688969017191,convex,3.00634372200381,3.0063437220038187,-1.1102230246251564e-14,0.019999999552965164,1.4545078101946274e-06
B_Mg-Ti-Mn-Cu-Zn,B,Mg-Ti-Mn-Cu-Zn,Mg,,,"{""Ni"": 4, ""Mn"": 8, ""Mg"": 3, ""Ti"": 4, ""Cu"": 4, ""Zn"": 4}",6,1.7361,0.434,3,0,0,0,0,Na27Ni4Mn8Mg3Ti4Cu4Zn4O54,0.0619109724447728,0.0180416799279179,1655.4078379499033,132.3558666087963,-610.173583984375,-606.5999755859375,1159.568100349155,-21.74207899305556,1.0,3.8166982987405977,-154.09794560185185,-555.4190063476562,-556.0060424804688,2.884292189551896,3.0781209622266585,0.0650433556023938,0.0,0.0,,,5.0,P3,0.0650433556023938,False,0.5864519900724571,45.5927672585527,118.54119487223704,0.4365047770700637,1123.8751915810142,1160.322322352117,-3.0781209622266585,0.0650433556023938,257.0,1.0,0.0650433680441011,-5.590033620728695,5.9899152659950605,5.3868406886343765,0.060027939093533,-3.078120874041429,1.0777943921732682,0.021231301638596,0.0650433680441011,5.9899152659950605,0.060027939093533,119.96502391,0.0863249700000068,0.0650433556023938,70.29893663194444,10.269003878099012,10.269003878099012,O3,1.0,,-1.44080941775534,-1.8018772502090792,0.3676932128058457,0.0098357800866806,39.31794343171296,4.249271770601121,5.0,O3,2.0,,-3.200343271608394,-3.523074152783526,0.3345161325788912,0.0141610729445773,O3,O3,O3,O3,P3,transition,0.5185185185185185,0.6666666666666666,0.5925925925925926,2.69563909459996,2.8074524490921533,3.1249573319046533,-30.83370893429876,-38.9357346754785,convex,2.862141122845156,2.8621411228451645,2.220446049250313e-14,0.019999999552965164,3.320791392980027e-06
B_Mg-Ti-Mn-Sn-Ca,B,Mg-Ti-Mn-Sn-Ca,Mn,,,"{""Ni"": 4, ""Mn"": 7, ""Mg"": 4, ""Ti"": 4, ""Sn"": 4, ""Ca"": 4}",6,1.7645,0.4411,0,3,0,0,0,Na27Ni4Mn7Mg4Ti4Sn4Ca4O54,0.0741637327161939,0.0295767628332799,1951.1094542765093,150.43357566550927,-634.9545288085938,-630.892822265625,1253.698721017714,-22.727683738425927,4.0,9.766356557229049,-173.1612594039352,-577.2841796875,-577.8978271484375,3.111953322364396,0.9728712725084288,0.815758220546222,0.0,0.0,,,9.766356557229049,P3,0.815758220546222,False,0.581713709375228,97.3657636657019,115.06862978673864,0.4943604033970276,1265.895595718301,1263.9258713952988,0.9728712725084288,0.815758220546222,265.0,1.0,0.815758316926862,-4.756380988346237,5.850406949143037,5.470189785427632,0.0583231937640245,0.9728712051659852,5.041333858853438,0.0480369161747966,0.815758316926862,5.850406949143037,0.0583231937640245,119.96705185999998,0.1356156500000054,0.815758220546222,85.56450737847223,9.503876676521806,9.503876676521806,O3,0.0,,-1.310283107970542,-1.669259578031799,0.3650704434043615,0.0088155507650112,11.338975694444445,16.909244988127526,16.909244988127526,AMB,3.0,,-1.961349045707269,-2.754765746997113,0.8158926320498253,0.0150939419324333,O3,O3,O3,O3(min),P3,amb_boundary,0.6666666666666666,0.8148148148148148,0.7407407407407407,2.89850774694371,3.046115168818716,3.3549988358109037,-34.421567563657405,-40.091055410879626,convex,3.084384211787464,3.0843842117874725,0.0,0.019999999552965164,4.884825102635659e-06
A_Mg-Al-Mn-Cu-Ga,A,Mg-Al-Mn-Cu-Ga,,,,"{""Ni"": 6, ""Mn"": 9, ""Mg"": 3, ""Al"": 3, ""Cu"": 3, ""Ga"": 3}",6,1.677,0.4192,3,0,0,0,0,Na27Ni6Mn9Mg3Al3Cu3Ga3O54,0.074034822821126,0.0316615338278874,2049.4714767843057,126.04890046296296,-599.3163452148438,-595.9130249023438,1126.995193308151,-18.11613859953704,3.0,5.204097375299519,-144.1650390625,-545.3375854492188,-545.8267211914062,2.8218532247081454,2.962230932976167,0.2936284165693738,0.0,0.0,,,5.204097375299519,P3,0.2936284165693738,False,0.5790226831089879,83.60910856133043,120.7687123663662,0.2236597664543524,1093.6109930788225,1123.6860151672274,-2.962230932976167,-0.2936284165693738,285.0,1.0,-0.2936284263940916,-6.060203086351216,6.138585401944063,5.359292761991271,0.0624678629166641,-2.962230994580649,2.19438568715016,0.0317377818657035,-0.2936284263940916,6.138585401944063,0.0624678629166641,119.92747433,0.122060200000007,0.2936284165693738,70.18138744212963,4.018029097286378,5.0,O3,3.0,,-1.3051241134528846,-1.708466682496144,0.4103533187750523,0.009291201451011,32.662850839120374,12.576244807105676,12.576244807105676,O3,3.0,,-2.4814422282944446,-3.476306663022722,1.030694537614799,0.018654828684978,O3,O3,O3,O3,P3,transition,0.5185185185185185,0.6666666666666666,0.5925925925925926,2.55313421178746,2.805209407099966,3.1358521072952783,-47.56655788150123,-48.27533080707006,convex,2.80999362434756,2.8099936243475687,-1.1102230246251564e-14,0.019999999552965164,1.6786141259217402e-06
A_Mg-Ti-Mn-Cu-Ga,A,Mg-Ti-Mn-Cu-Ga,,,,"{""Ni"": 6, ""Mn"": 9, ""Mg"": 3, ""Ti"": 3, ""Cu"": 3, ""Ga"": 3}",6,1.677,0.4192,0,0,0,0,0,Na27Ni6Mn9Mg3Ti3Cu3Ga3O54,0.0735490069958402,0.0311757180026016,2036.022863834973,128.52647569444446,-617.0753173828125,-613.6051025390625,1152.601716476408,-19.32101779513889,4.0,6.427928433440208,-147.84749348958334,-563.8626098632812,-564.38427734375,2.7886923548163187,3.0415589706498265,0.8629695864623427,0.0,0.0,,,6.427928433440208,P3,0.8629695864623427,False,0.5814395194240155,109.10914845612504,118.20157749413546,0.2943869426751592,1117.544655573056,1142.6551142101737,-3.0415589706498265,-0.8629695864623427,298.0,1.0,-0.8629695014278799,-6.329807261248615,5.836261888632894,5.3789271974085535,0.0614646131886391,-3.0415589645208296,2.555918756187949,0.0355823082321481,-0.8629695014278799,5.836261888632894,0.0614646131886391,119.98441947000002,0.0351790800000202,0.8629695864623427,77.7587890625,5.096404057343712,5.096404057343712,O3,0.0,,-1.564531536125923,-1.98635439016063,0.4303715583785544,0.0096916652738748,45.774106626157405,6.870346647097657,6.870346647097657,O3,3.0,,-3.270999392213708,-3.697388246540733,0.4427593878955156,0.0152946907580854,O3,O3,O3,O3,P3,transition,0.5185185185185185,0.6666666666666666,0.5925925925925926,2.59692083288121,2.667208918818716,3.019473323115591,-28.08208411235885,-40.13470163372572,convex,2.7485640870879444,2.7485640870879533,1.1102230246251564e-14,0.019999999552965164,2.3506227080360986e-06
B_Mn-Zn-Ga-Sn-Ca,B,Mn-Zn-Ga-Sn-Ca,Mn,,,"{""Ni"": 4, ""Mn"": 7, ""Zn"": 4, ""Ga"": 4, ""Sn"": 4, ""Ca"": 4}",6,1.7645,0.4411,1,0,0,0,0,Na27Ni4Mn7Zn4Ga4Sn4Ca4O54,0.0787795594036175,0.0341925895207035,2072.543243533016,151.38527199074073,-585.0061645507812,-580.9187622070312,1239.0187567248377,-19.11078559027778,3.0,9.450678450888818,-170.4960575810185,-526.2951049804688,-526.8110961914062,3.2116425125687225,0.3487857608417485,0.8199949069376954,0.0,0.0,,,9.450678450888818,P3,0.8199949069376954,False,0.5724874459461184,57.20229119739932,106.23282650945588,0.282046178343949,1243.3402777224524,1249.178647425984,0.3487857608417485,0.8199949069376954,301.0,1.0,0.8199949415804971,-4.512251054587376,5.584220023048355,5.456358035351965,0.0537844469531648,0.3487857750264981,4.609941876198201,0.0453658370479224,0.8199949415804971,5.584220023048355,0.0537844469531648,119.79558227,0.0295945799999941,0.8199949069376954,90.71406611689817,9.8742268585831,9.8742268585831,O3,1.0,,-0.4705701358468476,-1.005939543309132,0.5408096253375827,0.0072048762757383,24.140534577546298,1.914707787470819,5.0,O3,3.0,,-1.288151773833188,-2.3222409761320835,1.058674167623164,0.0150114374217182,O3,O3,O3,O3,P3,transition,0.5185185185185185,0.6666666666666666,0.5925925925925926,2.98144231725621,3.2612793533890283,3.3207581131546533,-35.279363648505246,-22.04551588096348,convex,3.1719508809581365,3.1719508809581454,0.0,0.019999999552965164,2.1029388790339e-06
A_Mg-Mn-Cu-Zn-Sn,A,Mg-Mn-Cu-Zn-Sn,,,,"{""Ni"": 6, ""Mn"": 9, ""Mg"": 3, ""Cu"": 3, ""Zn"": 3, ""Sn"": 3}",6,1.677,0.4192,3,0,0,0,0,Na27Ni6Mn9Mg3Cu3Zn3Sn3O54,0.0693782872133281,0.0270049982200895,1920.5667729550016,127.6810257523148,-581.5498657226562,-578.1024780273438,1178.1714902135789,-20.91697410300926,3.0,6.315293709171876,-148.59799985532408,-526.328369140625,-526.8931274414062,2.928030921523049,3.060170026575381,0.8966590315152168,0.0,0.0,,,6.315293709171876,P3,0.8966590315152168,False,0.5862928875479267,76.64231061751191,110.70555978085056,0.3880705944798301,1142.1174394084064,1167.6073091398414,-3.060170026575381,-0.8966590315152168,306.0,1.0,-0.8966589626778796,-5.666535564722191,5.056399264671261,5.401610897521208,0.0536010999147406,-3.060169960075728,1.2746246478781125,0.023045472163707,-0.8966589626778796,5.056399264671261,0.0536010999147406,119.99659409000002,0.0467502300000006,0.8966590315152168,67.38733362268519,7.763569140679944,7.763569140679944,O3,4.0,,-1.7085212092299566,-2.002693377991025,0.300183932499015,0.009457968247751,27.84107349537037,17.85090395302736,17.85090395302736,O3,2.0,,-2.5597664069935484,-3.5236645094451142,0.9991031453987428,0.0190128591538176,O3,O3,O3,O3,P3,transition,0.5185185185185185,0.6666666666666666,0.5925925925925926,2.78713079381871,2.8305237381546533,3.1098206131546533,-20.85941673344341,-31.118365774129117,convex,2.8997716441792907,2.899771644179299,0.0,0.019999999552965164,1.1973038454016205e-06
A_Mg-Al-Ti-Zn-Ga,A,Mg-Al-Ti-Zn-Ga,,,,"{""Ni"": 6, ""Mn"": 6, ""Mg"": 3, ""Al"": 3, ""Ti"": 3, ""Zn"": 3, ""Ga"": 3}",7,1.8892,0.4723,3,0,0,0,0,Na27Ni6Mn6Mg3Al3Ti3Zn3Ga3O54,0.0806096879543085,0.0328689809135008,1980.598316015309,135.38953993055554,-610.6485595703125,-606.9930419921875,1147.3654628829886,-20.01274956597222,4.0,5.93839277887236,-155.40228949652777,-553.7188110351562,-554.2591552734375,3.0473969070999725,2.994586246625881,0.8412814532426598,0.0,0.0,,,5.93839277887236,P3,0.8412814532426598,False,0.5805238360769671,84.0643775505919,121.42632312863276,0.3349920382165604,1113.0066145329592,1137.7128900428422,-2.994586246625881,-0.8412814532426598,323.0,1.0,-0.8412814350971173,-5.584864746042415,5.024176789225609,5.386230833288796,0.0532825493599487,-2.9945862984804044,1.4879199532339271,0.0254439936791711,-0.8412814350971173,5.024176789225609,0.0532825493599487,119.88039386,0.0328574899999978,0.8412814532426598,75.927734375,4.171309807895435,5.0,O3,4.0,,-2.478746100368997,-2.428872851185731,-0.0511147617544674,0.0079971269823907,35.46142578125,14.502485893354253,14.502485893354253,O3,3.0,,-2.988148376770628,-3.598754700268428,0.6334008669694124,0.0167822545653317,O3,O3,O3,O3,P3,transition,0.5185185185185185,0.6666666666666666,0.5925925925925926,2.78859563756871,3.0107605545609037,3.3609192459671533,-45.27000144675926,-48.572681568282825,convex,3.0330536453812136,3.0330536453812225,1.1102230246251564e-14,0.019999997690320015,1.7526773490317282e-06
C_Mg-Zn-Sn-Li-Co_LivSn,C,Mg-Zn-Sn-Li-Co,,Li,Sn,"{""Ni"": 6, ""Mn"": 6, ""Mg"": 3, ""Zn"": 3, ""Sn"": 4, ""Li"": 2, ""Co"": 3}",7,1.8766,0.4691,6,0,0,0,0,Na27Ni6Mn6Mg3Zn3Sn4Li2Co3O54,0.0817492420290717,0.0343319952095864,2022.2992124607308,127.12266710069444,-570.0311279296875,-566.5988159179688,1178.2870642699202,-18.107096354166668,0.0,21.90526167571149,-145.22976345486111,-513.0460205078125,-513.534912109375,3.045514207280261,3.911964644505059,1.716131696384507,0.0,0.0,,,21.90526167571149,AMB,1.716131696384507,False,0.5785491304986985,51.85377377384831,112.34984317667136,0.2231289808917197,1132.1928909049043,1158.0661064855856,-3.911964644505059,-1.716131696384507,348.0,1.0,-1.716131757725457,-6.061584717445064,4.625852955523078,5.407835807855082,0.0518286263221704,-3.9119646860804,1.049873832169806,0.023485780639531,-1.716131757725457,4.625852955523078,0.0518286263221704,120.0302674,0.0264654500000034,1.716131696384507,66.01517288773148,8.292162830560816,8.292162830560816,O3,1.0,,-1.871821184738813,-2.2117187605803057,0.3475851825325599,0.009939051403344,36.07629846643518,10.884142207363292,10.884142207363292,O3,1.0,,-3.7622121508129194,-3.9333701153855194,0.178165888382022,0.0144890816596974,O3,O3,O3,O3,P3(min),amb_boundary,0.5185185185185185,0.6666666666666666,0.5925925925925926,2.8667450516312103,3.0434448807327783,3.2572510330765283,-32.31941940438261,-31.997202468392903,convex,3.0412699164148678,3.041269916414876,1.1102230246251564e-14,0.019999999552965164,4.3184869014112337e-07
B_Al-Mn-Cu-Zn-Ga,B,Al-Mn-Cu-Zn-Ga,Al,,,"{""Ni"": 4, ""Mn"": 8, ""Al"": 3, ""Cu"": 4, ""Zn"": 4, ""Ga"": 4}",6,1.7361,0.434,4,0,0,0,0,Na27Ni4Mn8Al3Cu4Zn4Ga4O54,0.0734834579446843,0.0296141654278295,1964.838984718017,123.6572265625,-585.161865234375,-581.8231201171875,1140.218466698797,-20.43547453703704,0.0,3.0500089430110138,-144.09270109953704,-530.7828369140625,-531.3345947265625,2.85136607026103,2.878589726137196,0.176384787425899,0.0,0.0,,,5.0,P3,0.176384787425899,False,0.586803049794484,35.32692394217152,114.81250281205746,0.359806263269639,1107.3962550608865,1142.2296386174746,-2.878589726137196,0.176384787425899,350.0,1.0,0.1763847983974884,-6.053052144299237,6.630802899807804,5.371343998567183,0.0660274849043346,-2.878589667893604,2.025509599646165,0.0298834218600677,0.1763847983974884,6.630802899807804,0.0660274849043346,119.98116318,0.03636865,0.176384787425899,65.50654658564815,8.487569688659761,8.487569688659761,O3,0.0,,-1.1563937661699009,-1.653120579460832,0.50507633411213,0.0092920900005098,34.96636284722222,4.547921425837882,5.0,O3,0.0,,-2.5649852025576574,-3.305633040654308,0.7659679269714323,0.0162709470456902,O3,O3,O3,O3,P3,transition,0.5185185185185185,0.6666666666666666,0.5925925925925926,2.6387787430374603,2.824527034053091,3.0938904373734037,-36.51623848157181,-38.21096393117942,convex,2.8359664308379444,2.8359664308379533,-2.220446049250313e-14,0.019999999552965164,1.2270051001905813e-06
B_Mg-Al-Mn-Ga-Co,B,Mg-Al-Mn-Ga-Co,Mn,,,"{""Ni"": 4, ""Mn"": 7, ""Mg"": 4, ""Al"": 4, ""Ga"": 4, ""Co"": 4}",6,1.7645,0.4411,1,0,0,0,0,Na27Ni4Mn7Mg4Al4Ga4Co4O54,0.0555513104620617,0.0109643405791477,1461.451346505805,122.8615089699074,-606.8197021484375,-603.50244140625,1118.9325308131342,-22.56492332175926,2.0,6.14220776006525,-145.42643229166666,-551.5927734375,-552.2020263671875,2.897109572364396,2.2299342236940234,0.435280194057366,0.0,0.0,,,6.14220776006525,P3,0.435280194057366,False,0.5932270329149021,66.43772664880811,123.38434949064366,0.484806263269639,1093.9810713684865,1123.8030225046286,-2.2299342236940234,0.435280194057366,361.0,1.0,0.4352803051343754,-5.223166448867938,5.970284659224873,5.356111996359605,0.0584325808685444,-2.229934179196717,1.7038539547808147,0.0244857509916679,0.4352803051343754,5.970284659224873,0.0584325808685444,120.11065094,0.0448388599999987,0.435280194057366,64.37400535300925,5.61995507097313,5.61995507097313,O3,2.0,,-1.2936684467358297,-1.8764270251570256,0.593902729745294,0.0105166748095125,43.04560908564815,3.5185941633194617,5.0,O3,0.0,,-2.538549718606537,-3.296993671697978,0.7843023520039983,0.0163015656235614,O3,O3,O3,O3,P3,transition,0.5185185185185185,0.6666666666666666,0.5925925925925926,2.56227727819371,2.902011164912466,3.309634455928091,-61.94251079504856,-61.16557325053354,convex,2.8967668364869827,2.896766836486992,-2.220446049250313e-14,0.019999999552965164,1.105046976590529e-06
B_Mg-Mn-Cu-Zn-Sn,B,Mg-Mn-Cu-Zn-Sn,Mg,,,"{""Ni"": 4, ""Mn"": 8, ""Mg"": 3, ""Cu"": 4, ""Zn"": 4, ""Sn"": 4}",6,1.7361,0.434,3,0,0,0,0,Na27Ni4Mn8Mg3Cu4Zn4Sn4O54,0.0716854772122959,0.027816184695441,1916.763639115364,130.2851924189815,-577.2433471679688,-573.7256469726562,1199.1952327282602,-22.75028935185185,2.0,7.228581053235671,-153.03548177083334,-522.322998046875,-522.937255859375,2.9118941652129533,3.491445987899363,0.3067826190147978,0.0,0.0,,,7.228581053235671,P3,0.3067826190147978,False,0.5900956645144065,41.58360173022451,108.11736449858374,0.4956873673036092,1157.325978888089,1195.5163101861958,-3.491445987899363,-0.3067826190147978,373.0,1.0,-0.3067826479632773,-5.714804755036105,5.735812598173207,5.416445483026098,0.0586173985924687,-3.4914459362379247,1.228546598797343,0.0240165529994126,-0.3067826479632773,5.735812598173207,0.0586173985924687,120.0504304,0.1244145999999943,0.3067826190147978,79.31179470486111,6.785996320177358,6.785996320177358,O3,0.0,,-1.753414754274548,-2.1481235540818795,0.4033737667008326,0.0103469254181529,42.96422887731482,9.866875028743692,9.866875028743692,O3,2.0,,-3.3328004127933477,-3.7642324074294167,0.4483073242192214,0.0157278078517824,O3,O3,O3,O3,P3,transition,0.5185185185185185,0.6666666666666666,0.5925925925925926,2.60849309850621,2.9495728104202783,3.126406916865591,-48.94550030048271,-37.57157284989413,convex,2.87279880012881,2.8727988001288187,-2.220446049250313e-14,0.019999999552965164,1.029765144267003e-06
A_Ti-Mn-Zn-Ga-Co,A,Ti-Mn-Zn-Ga-Co,,,,"{""Ni"": 6, ""Mn"": 9, ""Ti"": 3, ""Zn"": 3, ""Ga"": 3, ""Co"": 3}",6,1.677,0.4192,0,3,0,0,0,Na27Ni6Mn9Ti3Zn3Ga3Co3O54,0.0752703339474676,0.032897044954229,2083.673555160377,140.26783130787038,-614.7670288085938,-610.9797973632812,1156.7287640596066,-22.25070529513889,1.0,10.812904295936663,-162.51853660300927,-563.06298828125,-563.6637573242188,2.649884324467761,3.899033220318771,1.289911391319691,0.0,0.0,,,10.812904295936663,P3,1.289911391319691,False,0.5844390145643397,131.5024745704176,113.96881129436191,0.4663614649681528,1111.6275252799398,1141.8079879653303,-3.899033220318771,-1.289911391319691,379.0,1.0,-1.289911249298744,-6.878309168618866,6.001177458686023,5.386572490494372,0.0642348658403741,-3.899033171143909,1.7458347085707289,0.0303095212951895,-1.289911249298744,6.001177458686023,0.0642348658403741,119.91608664999998,0.1076458099999939,1.289911391319691,71.97175202546296,6.440390665039071,6.440390665039071,O3,3.0,,-1.575064680237299,-1.9824217656759453,0.4155959500089028,0.0095156513594311,40.34423828125,4.944568853986645,5.0,O3,3.0,,-3.5668531078709305,-3.891159172628205,0.3374362462031778,0.0155424444488017,O3,O3,O3,O3,P3,transition,0.5185185185185185,0.6666666666666666,0.5925925925925926,2.50967718053746,2.615512141474966,2.7832825272171533,-21.620530348560283,-23.23770115518292,convex,2.6264280444196757,2.626428044419684,-1.1102230246251564e-14,0.019999999552965164,3.3959358916035853e-06
B_Mg-Al-Zn-Ga-Sn,B,Mg-Al-Zn-Ga-Sn,Mg,,,"{""Ni"": 4, ""Mn"": 4, ""Mg"": 3, ""Al"": 4, ""Zn"": 4, ""Ga"": 4, ""Sn"": 4}",7,1.9415,0.4854,3,0,0,0,0,Na27Ni4Mn4Mg3Al4Zn4Ga4Sn4O54,0.0749667812603824,0.025901908938536,1792.2401558818412,140.86009837962962,-585.427001953125,-581.623779296875,1175.3138092138795,-25.16230830439815,3.0,10.679146795948194,-166.02240668402777,-525.8387451171875,-526.5181274414062,3.255193444059107,1.404033197512288,0.68501450099501,0.0,0.0,,,10.679146795948194,P3,0.68501450099501,False,0.5914917136544793,42.73900483261703,111.12141256480427,0.6372744161358811,1158.8120131575704,1183.3648792391914,-1.404033197512288,0.68501450099501,380.0,1.0,0.685014585100842,-4.711259911302514,5.663076761619858,5.410413254460532,0.0546676684030362,-1.4040331696032144,1.796701202730046,0.0226331348068617,0.685014585100842,5.663076761619858,0.0546676684030362,119.9745365,0.0262816000000185,0.68501450099501,68.42493127893519,11.220786844081138,11.220786844081138,O3,0.0,,-2.062699480191415,-2.2119435191793446,0.1526199050874922,0.0085928421904428,44.46072048611112,9.481520231423568,9.481520231423568,O3,4.0,,-2.893872584474485,-3.314982969159097,0.4355487516233145,0.0140069250621558,O3,O3,O3,O3,P3,transition,0.5185185185185185,0.6666666666666666,0.5925925925925926,3.11537786413121,3.1499207108109037,3.443148860224966,-20.644663405897116,-32.04293536324527,convex,3.2268590465230407,3.226859046523049,-2.220446049250313e-14,0.019999999552965164,6.811093271608115e-07
A_Mg-Ti-Ga-Zr-Ca,A,Mg-Ti-Ga-Zr-Ca,,,,"{""Ni"": 6, ""Mn"": 6, ""Mg"": 3, ""Ti"": 3, ""Ga"": 3, ""Zr"": 3, ""Ca"": 3}",7,1.8892,0.4723,0,0,0,0,0,Na27Ni6Mn6Mg3Ti3Ga3Zr3Ca3O54,0.088659030223579,0.0409183231827713,2178.372481232082,149.88878038194446,-643.0048217773438,-638.9578247070312,1231.9936994135933,-7.256401909722222,0.0,15.31981021573856,-157.14518229166669,-585.3386840820312,-585.5346069335938,3.087534564852376,0.491247713136295,1.3004909143409655,0.0,1.0,,,15.31981021573856,AMB,1.3004909143409655,False,0.5407516095415283,107.70406853404457,116.6794075785483,-0.4138136942675159,1225.9415585392408,1215.9717332874663,-0.491247713136295,-1.3004909143409655,390.0,1.0,-1.3004909574384311,-5.51572507030088,4.461307573137215,5.451516555029144,0.0493435855208909,-0.4912477220310076,4.589315320069639,0.0486310767629629,-1.3004909574384311,4.461307573137215,0.0493435855208909,120.16616055000004,0.1005349499999965,1.3004909143409655,64.04396339699075,14.28704073963514,14.28704073963514,O3,0.0,,-0.9938319955739592,-1.5271243162885488,0.5415626557180127,0.0101889845409278,47.763400607638886,11.016186998949044,11.016186998949044,O3,0.0,,-2.338941619947668,-3.1465534094471903,0.8338493031783413,0.0169198041327929,O3,O3,O3,O3,P3(min),amb_boundary,0.5185185185185185,0.6666666666666666,0.5925925925925926,2.9676972000687103,3.105319270381216,3.312686213740591,-27.49920706463416,-29.110117855233742,convex,3.116192918217752,3.116192918217761,1.1102230246251564e-14,0.019999999552965164,2.7950923140451778e-06
B_Ti-Sn-Li-Co-Ca,B,Ti-Sn-Li-Co-Ca,Li,,,"{""Ni"": 4, ""Mn"": 4, ""Ti"": 4, ""Sn"": 4, ""Li"": 3, ""Co"": 4, ""Ca"": 4}",7,1.9415,0.4854,2,0,0,0,0,Na27Ni4Mn4Ti4Sn4Li3Co4Ca4O54,0.0900482411901322,0.0409833688682858,2152.794492629185,137.79477719907408,-615.5330810546875,-611.8126220703125,1237.6342631885168,-9.214048032407408,1.0,7.266192901080467,-147.0088252314815,-559.4076538085938,-559.6564331054688,2.9913666336624725,2.074325995518295,1.7305939558283676,0.0,0.0,,,7.266192901080467,P3,1.7305939558283676,False,0.5486962543796102,53.20486240358075,115.27720187442496,-0.2988986199575372,1211.961693937756,1216.2158394345154,-2.074325995518295,-1.7305939558283676,401.0,1.0,-1.7305938328773605,-5.367198660364246,3.8428586874810473,5.448062663847959,0.0451716773044054,-2.0743258982233668,1.9890462334017245,0.0289979261827894,-1.7305938328773605,3.8428586874810473,0.0451716773044054,119.97757939,0.1635453800000021,1.7305939558283676,65.13807508680556,15.1929839213366,15.1929839213366,O3,3.0,,-2.4798257610019245,-2.7766967203369384,0.305349591425696,0.0118688055281097,28.75660083912037,18.206711011986734,18.206711011986734,O3,1.0,,-2.599728971437268,-3.4637735661517364,0.895046995965335,0.0187680011797436,O3,O3,O3,O3,P3,transition,0.5185185185185185,0.6666666666666666,0.5925925925925926,2.8100433914749603,3.078036555537466,3.138644465693716,-33.99397369123899,-21.48646167201049,convex,2.993610849407656,2.9936108494076645,2.220446049250313e-14,0.019999999552965164,2.7361878096598957e-07
B_Mg-Ti-Cu-Zn-Sn,B,Mg-Ti-Cu-Zn-Sn,Mg,,,"{""Ni"": 4, ""Mn"": 4, ""Mg"": 3, ""Ti"": 4, ""Cu"": 4, ""Zn"": 4, ""Sn"": 4}",7,1.9415,0.4854,3,0,0,0,0,Na27Ni4Mn4Mg3Ti4Cu4Zn4Sn4O54,0.0790184061877194,0.029953533865873,1889.1028565241952,139.54445167824073,-598.81103515625,-595.0433349609375,1205.3786983444372,-24.38015407986111,0.0,5.179323953215119,-163.92460575810185,-542.8192749023438,-543.4775390625,3.000357581679299,2.3212298005923824,0.8852959402623518,0.0,0.0,,,5.179323953215119,P3,0.8852959402623518,False,0.5901282237902248,41.9518115882036,109.07471012932938,0.5913614649681528,1177.3990887884736,1194.7075296632067,-2.3212298005923824,-0.8852959402623518,404.0,1.0,-0.8852959909304081,-5.406886763089181,4.780042243492239,5.426005158071579,0.050887780484867,-2.3212298411218333,2.071728625494873,0.0289738822104947,-0.8852959909304081,4.780042243492239,0.050887780484867,120.00539398,0.0526082800000011,0.8852959402623518,88.84684244791667,5.884593770088516,5.884593770088516,O3,1.0,,-1.9879137663594808,-2.300018996774812,0.3194527032764052,0.0100009152407672,29.03464988425926,9.90651638250288,9.90651638250288,O3,0.0,,-3.203389013616724,-3.5940315295824354,0.4052057379472218,0.0151425362579798,O3,O3,O3,O3,P3,transition,0.5185185185185185,0.6666666666666666,0.5925925925925926,2.71680608678746,3.092471369990591,3.1049683182327783,-43.52293530759939,-22.687167523591363,convex,2.951829937448521,2.95182993744853,-2.220446049250313e-14,0.019999999552965164,1.7705431218928425e-06
B_Mg-Al-Ti-Ga-Co,B,Mg-Al-Ti-Ga-Co,Mg,,,"{""Ni"": 4, ""Mn"": 4, ""Mg"": 3, ""Al"": 4, ""Ti"": 4, ""Ga"": 4, ""Co"": 4}",7,1.9415,0.4854,0,1,0,0,0,Na27Ni4Mn4Mg3Al4Ti4Ga4Co4O54,0.0703658632453745,0.0213009909235281,1682.2454371306558,133.36181640625,-632.6943359375,-629.0935668945312,1130.875549885453,-25.146484375,3.0,6.581864069688804,-158.50830078125,-578.891845703125,-579.57080078125,2.821111412809107,2.8776010524743936,0.6658244227275478,0.0,0.0,,,6.581864069688804,P3,0.6658244227275478,False,0.594902950698099,85.34894021896001,123.2818025384978,0.6363455414012738,1098.3334631597736,1123.3459042836612,-2.8776010524743936,-0.6658244227275478,413.0,1.0,-0.6658244516456286,-5.895877508060309,5.557730010035056,5.368758651311665,0.0579035839686778,-2.8776011149150524,1.928491626888028,0.0289021736018422,-0.6658244516456286,5.557730010035056,0.0579035839686778,120.03591405000002,0.0613836999999932,0.6658244227275478,68.15818504050925,5.400700096988157,5.400700096988157,O3,2.0,,-1.6599171979812268,-2.000283304320023,0.3473133574413642,0.0092516167889501,38.50640190972222,6.462779544641212,6.462779544641212,O3,3.0,,-2.830299226423667,-3.226576526161196,0.4094898015514107,0.0136237197876899,O3,O3,O3,O3,P3,transition,0.5185185185185185,0.6666666666666666,0.5925925925925926,2.55702825475621,2.728549250849966,3.116122493037466,-41.63049768518098,-49.52437789351852,convex,2.7818329422562136,2.7818329422562225,0.0,0.019999999552965164,5.2470049922703765e-06
A_Al-Ti-Ga-Li-Co,A,Al-Ti-Ga-Li-Co,,,,"{""Ni"": 6, ""Mn"": 6, ""Al"": 3, ""Ti"": 3, ""Ga"": 3, ""Li"": 3, ""Co"": 3}",7,1.8892,0.4723,3,0,0,0,0,Na27Ni6Mn6Al3Ti3Ga3Li3Co3O54,0.0803642488801417,0.032623541839334,1974.567822295314,119.6876808449074,-616.0364990234375,-612.804931640625,1122.0696248691695,-20.05570023148148,2.0,9.343630829498244,-139.74338107638889,-560.0136108398438,-560.5551147460938,2.988488591294684,1.9716933316993723,0.8000904943924462,0.0,0.0,,,9.343630829498244,P3,0.8000904943924462,False,0.587619811082233,86.21327956459011,124.53029270440796,0.3375132696390657,1099.9458528986,1113.0920524601263,-1.9716933316993723,-0.8000904943924462,420.0,1.0,-0.8000905229629982,-6.102229082795737,5.646713982707832,5.35649518419492,0.0592100453717224,-1.971693431476982,3.2959578673094376,0.0396649040245797,-0.8000905229629982,5.646713982707832,0.0592100453717224,119.8517139,0.0569546499999802,0.8000904943924462,62.21969039351852,8.369555629310204,8.369555629310204,O3,0.0,,-1.1754247128196214,-1.5982164113244468,0.4296585723203082,0.0082180600569532,40.256076388888886,4.058738924548325,5.0,O3,0.0,,-2.3151254503227565,-3.081638512178116,0.7908852874609067,0.0155942749181138,O3,O3,O3,O3,P3,transition,0.5185185185185185,0.6666666666666666,0.5925925925925926,2.83980413366246,2.965426692256216,3.115237483271841,-22.852188501600622,-22.523189881587346,convex,2.9632059515711173,2.963205951571126,0.0,0.019999999552965164,2.0176150883344235e-07
A_Mg-Ti-Cu-Zn-Ga,A,Mg-Ti-Cu-Zn-Ga,,,,"{""Ni"": 6, ""Mn"": 6, ""Mg"": 3, ""Ti"": 3, ""Cu"": 3, ""Zn"": 3, ""Ga"": 3}",7,1.8892,0.4723,6,0,0,0,0,Na27Ni6Mn6Mg3Ti3Cu3Zn3Ga3O54,0.0799735342033596,0.0322328271625519,1964.9678740692927,126.8355758101852,-592.617431640625,-589.19287109375,1156.0796035644344,-21.610966435185187,2.0,6.515785703520536,-148.44654224537038,-536.6361083984375,-537.2196044921875,2.993601459383626,2.778676819208956,0.2017392488385236,0.0,0.0,,,6.515785703520536,P3,0.2017392488385236,False,0.5886129779654784,53.97931467981154,116.95518180625837,0.4288083864118896,1123.9558876085866,1153.747337256228,-2.778676819208956,-0.2017392488385236,433.0,1.0,-0.2017393599102255,-6.143193276306035,6.33033886810884,5.385020511259829,0.0653423920565072,-2.778676839619132,2.385466524696568,0.0338626292892008,-0.2017393599102255,6.33033886810884,0.0653423920565072,119.90046273000002,0.1297268999999943,0.2017392488385236,69.37888816550925,3.173388991850418,5.0,O3,1.0,,-1.4682144325830362,-1.9671221843470903,0.5089188065071667,0.0108344336832729,45.5005787037037,1.6768444825195836,5.0,O3,2.0,,-3.366601960298564,-3.715937715488193,0.3628178401502842,0.0153692427267092,O3,O3,O3,O3,P3,transition,0.5185185185185185,0.6666666666666666,0.5925925925925926,2.83035589147496,2.9416077225296533,3.129977473506216,-23.41159048923045,-25.659110131768003,convex,2.9567784801167907,2.956778480116799,3.3306690738754696e-14,0.019999999552965164,5.974437158329238e-07
B_Mg-Al-Mn-Zn-Co,B,Mg-Al-Mn-Zn-Co,Mg,,,"{""Ni"": 4, ""Mn"": 8, ""Mg"": 3, ""Al"": 4, ""Zn"": 4, ""Co"": 4}",6,1.7361,0.434,3,0,0,0,0,Na27Ni4Mn8Mg3Al4Zn4Co4O54,0.0528163661355023,0.0089470736186474,1412.2315160004302,126.97347005208331,-595.8577880859375,-592.4295043945312,1130.538804628145,-24.67628761574074,3.0,5.127601629864891,-151.64975766782408,-541.2320556640625,-541.8983154296875,2.86949351166728,2.928304730594564,0.7460029177368033,0.0,0.0,,,5.127601629864891,P3,0.7460029177368033,False,0.5968646741695858,47.23177053173948,122.80260338252266,0.6087446921443735,1097.4331833310118,1122.1049521594723,-2.928304730594564,-0.7460029177368033,434.0,1.0,-0.7460028885608535,-6.409456571200384,6.051309753263774,5.364695149101096,0.0630468965858797,-2.928304629103973,2.304975693705729,0.0328718331388697,-0.7460028885608535,6.051309753263774,0.0630468965858797,119.92656688,0.0347398600000019,0.7460029177368033,61.4940502025463,5.392942012730581,5.392942012730581,O3,0.0,,-3.3477576796650386,-2.653772070757466,-0.7129044685861027,0.0043674464536133,16.795970775462962,12.120071228514336,12.120071228514336,O3,3.0,,-3.515640913912362,-3.0189016268421414,-0.5122021666107572,0.006911988080982,O3,O3,O3,O3,P3,transition,0.5185185185185185,0.6666666666666666,0.5925925925925926,2.7477264969437103,2.763583430537466,3.051699885615591,-18.22394998664465,-30.453934628738992,convex,2.846135826871598,2.846135826871607,1.1102230246251564e-14,0.019999999552965164,2.0416900952113792e-06
B_Mg-Zn-Ga-Zr-Co,B,Mg-Zn-Ga-Zr-Co,Mg,,,"{""Ni"": 4, ""Mn"": 4, ""Mg"": 3, ""Zn"": 4, ""Ga"": 4, ""Zr"": 4, ""Co"": 4}",7,1.9415,0.4854,3,0,0,0,0,Na27Ni4Mn4Mg3Zn4Ga4Zr4Co4O54,0.0853713458130549,0.0363064734912085,2040.9833736411315,138.94314236111111,-605.7638549804688,-602.0123901367188,1188.1961236007248,-21.31709346064815,1.0,10.329964501989137,-160.26023582175927,-549.2754516601562,-549.8510131835938,3.0235556360663187,1.9479934130990295,0.2969844336156135,0.0,0.0,,,10.329964501989137,P3,0.2969844336156135,False,0.582563012698144,42.49689861950002,110.49193641070008,0.4115578556263269,1165.0501413782847,1191.7248811286431,-1.9479934130990295,0.2969844336156135,435.0,1.0,0.2969843621209614,-4.9708859810935335,5.543427819569515,5.425688058645934,0.0550496896277692,-1.947993545263725,1.729208848809226,0.0238400864889859,0.2969843621209614,5.543427819569515,0.0550496896277692,119.87554173,0.0516951999999975,0.2969844336156135,69.73153573495371,8.400550717827622,8.400550717827622,O3,4.0,,-1.5267820888192374,-1.847418765769417,0.3266716706971015,0.0084494319528009,43.90688295717592,10.025344595245462,10.025344595245462,O3,4.0,,-1.303045914176629,-2.3041785772867613,1.024744608859381,0.0147408657124919,O3,O3,O3,O3,P3,transition,0.5185185185185185,0.6666666666666666,0.5925925925925926,2.90148626256871,2.8923218338577783,3.2191040604202783,-17.575690549321095,-32.993936131139925,convex,2.99639499153506,2.9963949915350687,0.0,0.019999999552965164,1.806543764359958e-06
A_Al-Cu-Zn-Ga-Co,A,Al-Cu-Zn-Ga-Co,,,,"{""Ni"": 6, ""Mn"": 6, ""Al"": 3, ""Cu"": 3, ""Zn"": 3, ""Ga"": 3, ""Co"": 3}",7,1.8892,0.4723,6,0,0,0,0,Na27Ni6Mn6Al3Cu3Zn3Ga3Co3O54,0.0807240931585475,0.0329833861177398,1983.409277831556,121.53682002314817,-577.4104614257812,-574.1289672851562,1135.2715177483713,-20.476164641203702,3.0,4.39452534276783,-142.01298466435185,-523.8570556640625,-524.409912109375,2.8022703295759337,3.970966757300032,1.9290740780200653,0.0,0.0,,,5.0,P3,1.9290740780200653,False,0.5879410020316072,53.24246708373858,115.35867868143362,0.362194798301486,1090.190263173488,1113.3712891843425,-3.970966757300032,-1.9290740780200653,438.0,1.0,-1.9290740448727168,-7.050019296769053,5.509355906427132,5.364177127082937,0.0613973665014435,-3.970966728468373,1.818757376181178,0.0316183233554623,-1.9290740448727168,5.509355906427132,0.0613973665014435,119.96147499,0.0550085200000012,1.9290740780200653,72.31083622685185,2.442572672187523,5.0,O3,0.0,,-2.173291073115752,-2.3705917195423587,0.2020914086253828,0.0093967457073534,39.47618272569444,5.693961035102576,5.693961035102576,O3,2.0,,-2.7697694678514178,-4.174430407387003,1.465851907280368,0.0248801994330811,O3,O3,O3,O3,P3,transition,0.5185185185185185,0.6666666666666666,0.5925925925925926,2.61324163366246,2.7838928787796533,2.9597656815140283,-29.46867766203704,-27.76195384838384,convex,2.772372493037464,2.7723724930374725,0.0,0.019999999552965164,7.517963922509807e-07
B_Al-Ti-Cu-Zn-Ga,B,Al-Ti-Cu-Zn-Ga,Al,,,"{""Ni"": 4, ""Mn"": 4, ""Al"": 3, ""Ti"": 4, ""Cu"": 4, ""Zn"": 4, ""Ga"": 4}",7,1.9415,0.4854,4,0,0,0,0,Na27Ni4Mn4Al3Ti4Cu4Zn4Ga4O54,0.0801981233929085,0.0311332510710621,1917.3065023547504,128.09018735532408,-606.7963256835938,-603.337890625,1153.1129134439448,-22.578486689814813,2.0,3.8448957471598217,-150.66867404513889,-551.0961303710938,-551.7057495117188,2.9736523533139145,2.953318731867548,2.1123047159122463,0.0,0.0,,,5.0,P3,2.1123047159122463,False,0.590671029914252,35.659285713812835,115.89267856989171,0.4856024416135879,1119.057813771621,1128.7556549934752,-2.953318731867548,-2.1123047159122463,442.0,1.0,-2.112304744639361,-5.424373691798236,3.502032263963596,5.386453469359419,0.0418444727974719,-2.9533187701012,1.7025610929615882,0.0267207523707109,-2.112304744639361,3.502032263963596,0.0418444727974719,120.1445476,0.0667214700000187,2.1123047159122463,83.60007957175925,2.812841685650642,5.0,O3,3.0,,-1.9011984739131491,-2.1815873649500306,0.2866422419703209,0.0094311632444818,39.0331127025463,8.227922720428268,8.227922720428268,O3,2.0,,-2.844304466205305,-3.419693867601113,0.5957626605645964,0.0153949834096471,O3,O3,O3,O3,P3,transition,0.5185185185185185,0.6666666666666666,0.5925925925925926,2.80151067663121,2.9109985916702783,3.1198303787796533,-24.376502403844857,-27.65727246928354,convex,2.9331437896119827,2.933143789611992,1.1102230246251564e-14,0.019999999552965164,8.597892815487285e-07
B_Mg-Al-Mn-Zr-Co,B,Mg-Al-Mn-Zr-Co,Mn,,,"{""Ni"": 4, ""Mn"": 7, ""Mg"": 4, ""Al"": 4, ""Zr"": 4, ""Co"": 4}",6,1.7645,0.4411,0,3,0,0,0,Na27Ni4Mn7Mg4Al4Zr4Co4O54,0.0763940925624311,0.0318071226795171,2009.7860610633447,161.92853009259258,-648.0422973632812,-643.6702270507812,1175.78624115368,-28.49663628472222,4.0,6.971819310130061,-190.4251663773148,-595.0895385742188,-595.8589477539062,2.7615927454413187,3.959930895845048,0.4195679545284252,0.0,0.0,,,6.971819310130061,P3,0.4195679545284252,False,0.5905709836240001,101.31636875944702,119.73752671571012,0.8330015923566878,1129.2259185211403,1170.853018872045,-3.959930895845048,-0.4195679545284252,454.0,1.0,-0.4195680308308648,-6.081775419087755,6.028869703961242,5.414514567103673,0.0618738310898024,-3.95993094116992,0.7837772958185769,0.021088692091252,-0.4195680308308648,6.028869703961242,0.0618738310898024,120.05982752,0.1641628200000013,0.4195679545284252,78.74665436921296,10.22356489417139,10.22356489417139,O3,4.0,,-2.985819794644688,-2.817035376276971,-0.1736769597647385,0.0084088186066237,36.93305121527778,4.389301729897577,5.0,O3,1.0,,-2.4836011356959267,-3.8888519024141455,1.4621100616667364,0.0233017394099495,O3,O3,O3,O3,P3,transition,0.5185185185185185,0.6666666666666666,0.5925925925925926,2.52907415319371,2.7502625076859037,2.8943054764359037,-33.41422665153004,-27.37696286280206,convex,2.7095109771119827,2.709510977111992,0.0,0.019999999552965164,5.657595465891063e-06
