comp_id,scheme,dopants,B_short_dopant,C_short_dopant,C_long_dopant,site_counts,n_species,sconf_kB,sconf_per_atom_kB,n_Ni3,n_Mn3,n_Co2,n_V3,n_V5,formula_cell,Ehull,Ehull_eff,T_star,dE_pris,E_pris_O3,E_pris_P3,Vol_pris_O3,dE_desod,k_best,sigma_vac,ddE,E_desod_O3,E_desod_P3,V_avg,dV_O3,dV_trans,n_unconverged,n_phase_flip,dE_desod_B,model_disagree,delta,phase_desod,dV_nat,suppressed,x_cross,cap_theor,cap_window,ruler_pos,Vol_desod_O3,Vol_desod_P3,sdV_O3,sdV_P3,score,tier,conf_mean,conf_min
B_B-Mg-Ti-Mn-Sn,B,B-Mg-Ti-Mn-Sn,Mn,,,"{""Ni"": 4, ""Mn"": 7, ""B"": 4, ""Mg"": 4, ""Ti"": 4, ""Sn"": 4}",6,1.7645,0.4411,0,7,0,0,0,Na27Ni4Mn7B4Mg4Ti4Sn4O54,0.132179885,0.087592915,3477.406186,139.5851418,-650.4169922,-646.6481934,1232.554041,6.670916522,0,5.60426715,-132.9142253,-599.1693726,-598.9892578,2.604985925,5.273431137,4.698425336,0,0,,,5.60426715,O3,5.273431137,TRUE,0.494353138,138.1113598,119.6965119,-1.231356157,1167.556152,1174.643409,-5.273431137,-4.698425336,2921,0,0.02,4.58E-06
B_Mg-Ti-Mn-Co-Ca,B,Mg-Ti-Mn-Co-Ca,Mn,,,"{""Ni"": 4, ""Mn"": 7, ""Mg"": 4, ""Ti"": 4, ""Co"": 4, ""Ca"": 4}",6,1.7645,0.4411,1,0,0,0,0,Na27Ni4Mn7Mg4Ti4Co4Ca4O54,0.067929357,0.023342388,1787.094673,142.6549841,-628.1838379,-624.3321533,1204.889759,-16.67616102,4,12.27545394,-159.3311451,-572.296875,-572.7471313,2.898701181,2.071486464,0.927467073,0,0,,,12.27545394,P3,0.927467073,FALSE,0.568912073,67.27245317,124.9345559,0.139132166,1179.93063,1193.714803,-2.071486464,-0.927467073,112,1,0.02,3.31E-06
B_Mg-Al-Mn-Cu-Co,B,Mg-Al-Mn-Cu-Co,Mg,,,"{""Ni"": 4, ""Mn"": 8, ""Mg"": 3, ""Al"": 4, ""Cu"": 4, ""Co"": 4}",6,1.7361,0.434,3,0,0,0,0,Na27Ni4Mn8Mg3Al4Cu4Co4O54,0.063258875,0.019389582,1691.448756,124.2178458,-601.3540039,-598.0001221,1118.156799,-19.35266565,3,3.589530942,-143.5705114,-549.6223145,-550.1448364,2.649198853,2.825344818,0.952497995,0,0,,,5,P3,0.952497995,FALSE,0.583420078,47.35615395,123.1260003,0.296244692,1086.565014,1107.506378,-2.825344818,-0.952497995,212,1,0.02,2.23E-06
B_Mn-Cu-Zn-Ga-Co,B,Mn-Cu-Zn-Ga-Co,Cu,,,"{""Ni"": 4, ""Mn"": 8, ""Cu"": 3, ""Zn"": 4, ""Ga"": 4, ""Co"": 4}",6,1.7361,0.434,3,0,0,0,0,Na27Ni4Mn8Cu3Zn4Ga4Co4O54,0.065651125,0.021781833,1755.413987,115.1462131,-576.5859985,-573.4770508,1130.988674,-18.40775101,2,7.432336356,-133.5539641,-523.862793,-524.3598022,2.730943707,2.060104688,0.408632374,0,0,,,7.432336356,P3,0.408632374,FALSE,0.58488114,42.869691,111.4611966,0.240777601,1107.689123,1135.61026,-2.060104688,0.408632374,247,1,0.02,1.68E-06
B_Mg-Mn-Zn-Ga-Sn,B,Mg-Mn-Zn-Ga-Sn,Mn,,,"{""Ni"": 4, ""Mn"": 7, ""Mg"": 4, ""Zn"": 4, ""Ga"": 4, ""Sn"": 4}",6,1.7645,0.4411,1,0,0,0,0,Na27Ni4Mn7Mg4Zn4Ga4Sn4O54,0.063065788,0.018478818,1659.143221,139.6529586,-582.9528809,-579.182251,1197.792431,-22.64630353,2,3.337215008,-162.2992622,-524.0736084,-524.6850586,3.208257409,1.496006734,0.961744959,0,0,,,5,P3,0.961744959,FALSE,0.585701669,58.3242788,108.3165178,0.489583333,1179.873376,1209.312139,-1.496006734,0.961744959,248,1,0.02,9.96E-07
B_Mg-Mn-Zn-Zr-Sn,B,Mg-Mn-Zn-Zr-Sn,Mn,,,"{""Ni"": 4, ""Mn"": 7, ""Mg"": 4, ""Zn"": 4, ""Zr"": 4, ""Sn"": 4}",6,1.7645,0.4411,0,3,0,0,0,Na27Ni4Mn7Mg4Zn4Zr4Sn4O54,0.075162067,0.030575098,1977.37378,155.8227539,-624.9286499,-620.7214355,1247.524524,-21.8935366,2,10.40147464,-177.7162905,-568.2953491,-568.8864746,3.034138193,0.608638413,0.997730758,0,0,,,10.40147464,P3,0.997730758,FALSE,0.577834029,89.26570623,105.4958346,0.445395435,1239.931611,1235.077589,-0.608638413,-0.997730758,250,1,0.02,1.45E-06
B_Mg-Ti-Mn-Cu-Zn,B,Mg-Ti-Mn-Cu-Zn,Mg,,,"{""Ni"": 4, ""Mn"": 8, ""Mg"": 3, ""Ti"": 4, ""Cu"": 4, ""Zn"": 4}",6,1.7361,0.434,3,0,0,0,0,Na27Ni4Mn8Mg3Ti4Cu4Zn4O54,0.061910972,0.01804168,1655.407838,132.3558666,-610.173584,-606.5999756,1159.5681,-21.74207899,1,3.816698299,-154.0979456,-555.4190063,-556.0060425,2.88429219,3.078120962,0.065043356,0,0,,,5,P3,0.065043356,FALSE,0.58645199,45.59276726,118.5411949,0.436504777,1123.875192,1160.322322,-3.078120962,0.065043356,257,1,0.02,3.32E-06
B_Mg-Ti-Mn-Sn-Ca,B,Mg-Ti-Mn-Sn-Ca,Mn,,,"{""Ni"": 4, ""Mn"": 7, ""Mg"": 4, ""Ti"": 4, ""Sn"": 4, ""Ca"": 4}",6,1.7645,0.4411,0,3,0,0,0,Na27Ni4Mn7Mg4Ti4Sn4Ca4O54,0.074163733,0.029576763,1951.109454,150.4335757,-634.9545288,-630.8928223,1253.698721,-22.72768374,4,9.766356557,-173.1612594,-577.2841797,-577.8978271,3.111953322,0.972871273,0.815758221,0,0,,,9.766356557,P3,0.815758221,FALSE,0.581713709,97.36576367,115.0686298,0.494360403,1265.895596,1263.925871,0.972871273,0.815758221,265,1,0.02,4.86E-06
A_Mg-Al-Mn-Cu-Ga,A,Mg-Al-Mn-Cu-Ga,,,,"{""Ni"": 6, ""Mn"": 9, ""Mg"": 3, ""Al"": 3, ""Cu"": 3, ""Ga"": 3}",6,1.677,0.4192,3,0,0,0,0,Na27Ni6Mn9Mg3Al3Cu3Ga3O54,0.074034823,0.031661534,2049.471477,126.0489005,-599.3163452,-595.9130249,1126.995193,-18.1161386,3,5.204097375,-144.1650391,-545.3375854,-545.8267212,2.821853225,2.962230933,0.293628417,0,0,,,5.204097375,P3,0.293628417,FALSE,0.579022683,83.60910856,120.7687124,0.223659766,1093.610993,1123.686015,-2.962230933,-0.293628417,285,1,0.02,1.69E-06
A_Mg-Ti-Mn-Cu-Ga,A,Mg-Ti-Mn-Cu-Ga,,,,"{""Ni"": 6, ""Mn"": 9, ""Mg"": 3, ""Ti"": 3, ""Cu"": 3, ""Ga"": 3}",6,1.677,0.4192,0,0,0,0,0,Na27Ni6Mn9Mg3Ti3Cu3Ga3O54,0.073549007,0.031175718,2036.022864,128.5264757,-617.0753174,-613.6051025,1152.601716,-19.3210178,4,6.427928433,-147.8474935,-563.8626099,-564.3842773,2.788692355,3.041558971,0.862969586,0,0,,,6.427928433,P3,0.862969586,FALSE,0.581439519,109.1091485,118.2015775,0.294386943,1117.544656,1142.655114,-3.041558971,-0.862969586,298,1,0.02,2.34E-06
B_Mn-Zn-Ga-Sn-Ca,B,Mn-Zn-Ga-Sn-Ca,Mn,,,"{""Ni"": 4, ""Mn"": 7, ""Zn"": 4, ""Ga"": 4, ""Sn"": 4, ""Ca"": 4}",6,1.7645,0.4411,1,0,0,0,0,Na27Ni4Mn7Zn4Ga4Sn4Ca4O54,0.078779559,0.03419259,2072.543244,151.385272,-585.0061646,-580.9187622,1239.018757,-19.11078559,3,9.450678451,-170.4960576,-526.295105,-526.8110962,3.211642513,0.348785761,0.819994907,0,0,,,9.450678451,P3,0.819994907,FALSE,0.572487446,57.2022912,106.2328265,0.282046178,1243.340278,1249.178647,0.348785761,0.819994907,301,1,0.02,2.11E-06
A_Mg-Mn-Cu-Zn-Sn,A,Mg-Mn-Cu-Zn-Sn,,,,"{""Ni"": 6, ""Mn"": 9, ""Mg"": 3, ""Cu"": 3, ""Zn"": 3, ""Sn"": 3}",6,1.677,0.4192,3,0,0,0,0,Na27Ni6Mn9Mg3Cu3Zn3Sn3O54,0.069378287,0.027004998,1920.566773,127.6810258,-581.5498657,-578.102478,1178.17149,-20.9169741,3,6.315293709,-148.5979999,-526.3283691,-526.8931274,2.928030922,3.060170027,0.896659032,0,0,,,6.315293709,P3,0.896659032,FALSE,0.586292888,76.64231062,110.7055598,0.388070594,1142.117439,1167.607309,-3.060170027,-0.896659032,306,1,0.02,1.20E-06
A_Mg-Al-Ti-Zn-Ga,A,Mg-Al-Ti-Zn-Ga,,,,"{""Ni"": 6, ""Mn"": 6, ""Mg"": 3, ""Al"": 3, ""Ti"": 3, ""Zn"": 3, ""Ga"": 3}",7,1.8892,0.4723,3,0,0,0,0,Na27Ni6Mn6Mg3Al3Ti3Zn3Ga3O54,0.080609688,0.032868981,1980.598316,135.3895399,-610.6485596,-606.993042,1147.365463,-20.01274957,4,5.938392779,-155.4022895,-553.718811,-554.2591553,3.047396907,2.994586247,0.841281453,0,0,,,5.938392779,P3,0.841281453,FALSE,0.580523836,84.06437755,121.4263231,0.334992038,1113.006615,1137.71289,-2.994586247,-0.841281453,323,1,0.02,1.76E-06
C_Mg-Zn-Sn-Li-Co_LivSn,C,Mg-Zn-Sn-Li-Co,,Li,Sn,"{""Ni"": 6, ""Mn"": 6, ""Mg"": 3, ""Zn"": 3, ""Sn"": 4, ""Li"": 2, ""Co"": 3}",7,1.8766,0.4691,6,0,0,0,0,Na27Ni6Mn6Mg3Zn3Sn4Li2Co3O54,0.081749242,0.034331995,2022.299212,127.1226671,-570.0311279,-566.5988159,1178.287064,-18.10709635,0,21.90526168,-145.2297635,-513.0460205,-513.5349121,3.045514207,3.911964645,1.716131696,0,0,,,21.90526168,AMB,1.716131696,FALSE,0.57854913,51.85377377,112.3498432,0.223128981,1132.192891,1158.066106,-3.911964645,-1.716131696,348,1,0.02,4.30E-07
B_Al-Mn-Cu-Zn-Ga,B,Al-Mn-Cu-Zn-Ga,Al,,,"{""Ni"": 4, ""Mn"": 8, ""Al"": 3, ""Cu"": 4, ""Zn"": 4, ""Ga"": 4}",6,1.7361,0.434,4,0,0,0,0,Na27Ni4Mn8Al3Cu4Zn4Ga4O54,0.073483458,0.029614165,1964.838985,123.6572266,-585.1618652,-581.8231201,1140.218467,-20.43547454,0,3.050008943,-144.0927011,-530.7828369,-531.3345947,2.85136607,2.878589726,0.176384787,0,0,,,5,P3,0.176384787,FALSE,0.58680305,35.32692394,114.8125028,0.359806263,1107.396255,1142.229639,-2.878589726,0.176384787,350,1,0.02,1.22E-06
B_Mg-Al-Mn-Ga-Co,B,Mg-Al-Mn-Ga-Co,Mn,,,"{""Ni"": 4, ""Mn"": 7, ""Mg"": 4, ""Al"": 4, ""Ga"": 4, ""Co"": 4}",6,1.7645,0.4411,1,0,0,0,0,Na27Ni4Mn7Mg4Al4Ga4Co4O54,0.05555131,0.010964341,1461.451347,122.861509,-606.8197021,-603.5024414,1118.932531,-22.56492332,2,6.14220776,-145.4264323,-551.5927734,-552.2020264,2.897109572,2.229934224,0.435280194,0,0,,,6.14220776,P3,0.435280194,FALSE,0.593227033,66.43772665,123.3843495,0.484806263,1093.981071,1123.803023,-2.229934224,0.435280194,361,1,0.02,1.10E-06
B_Mg-Mn-Cu-Zn-Sn,B,Mg-Mn-Cu-Zn-Sn,Mg,,,"{""Ni"": 4, ""Mn"": 8, ""Mg"": 3, ""Cu"": 4, ""Zn"": 4, ""Sn"": 4}",6,1.7361,0.434,3,0,0,0,0,Na27Ni4Mn8Mg3Cu4Zn4Sn4O54,0.071685477,0.027816185,1916.763639,130.2851924,-577.2433472,-573.725647,1199.195233,-22.75028935,2,7.228581053,-153.0354818,-522.322998,-522.9372559,2.911894165,3.491445988,0.306782619,0,0,,,7.228581053,P3,0.306782619,FALSE,0.590095665,41.58360173,108.1173645,0.495687367,1157.325979,1195.51631,-3.491445988,-0.306782619,373,1,0.02,1.04E-06
A_Ti-Mn-Zn-Ga-Co,A,Ti-Mn-Zn-Ga-Co,,,,"{""Ni"": 6, ""Mn"": 9, ""Ti"": 3, ""Zn"": 3, ""Ga"": 3, ""Co"": 3}",6,1.677,0.4192,0,3,0,0,0,Na27Ni6Mn9Ti3Zn3Ga3Co3O54,0.075270334,0.032897045,2083.673555,140.2678313,-614.7670288,-610.9797974,1156.728764,-22.2507053,1,10.8129043,-162.5185366,-563.0629883,-563.6637573,2.649884324,3.89903322,1.289911391,0,0,,,10.8129043,P3,1.289911391,FALSE,0.584439015,131.5024746,113.9688113,0.466361465,1111.627525,1141.807988,-3.89903322,-1.289911391,379,1,0.02,3.41E-06
B_Mg-Al-Zn-Ga-Sn,B,Mg-Al-Zn-Ga-Sn,Mg,,,"{""Ni"": 4, ""Mn"": 4, ""Mg"": 3, ""Al"": 4, ""Zn"": 4, ""Ga"": 4, ""Sn"": 4}",7,1.9415,0.4854,3,0,0,0,0,Na27Ni4Mn4Mg3Al4Zn4Ga4Sn4O54,0.074966781,0.025901909,1792.240156,140.8600984,-585.427002,-581.6237793,1175.313809,-25.1623083,3,10.6791468,-166.0224067,-525.8387451,-526.5181274,3.255193444,1.404033198,0.685014501,0,0,,,10.6791468,P3,0.685014501,FALSE,0.591491714,42.73900483,111.1214126,0.637274416,1158.812013,1183.364879,-1.404033198,0.685014501,380,1,0.02,6.80E-07
A_Mg-Ti-Ga-Zr-Ca,A,Mg-Ti-Ga-Zr-Ca,,,,"{""Ni"": 6, ""Mn"": 6, ""Mg"": 3, ""Ti"": 3, ""Ga"": 3, ""Zr"": 3, ""Ca"": 3}",7,1.8892,0.4723,0,0,0,0,0,Na27Ni6Mn6Mg3Ti3Ga3Zr3Ca3O54,0.08865903,0.040918323,2178.372481,149.8887804,-643.0048218,-638.9578247,1231.993699,-7.25640191,0,15.31981022,-157.1451823,-585.3386841,-585.5346069,3.087534565,0.491247713,1.300490914,0,1,,,15.31981022,AMB,1.300490914,FALSE,0.54075161,107.7040685,116.6794076,-0.413813694,1225.941559,1215.971733,-0.491247713,-1.300490914,390,1,0.02,2.81E-06
B_Ti-Sn-Li-Co-Ca,B,Ti-Sn-Li-Co-Ca,Li,,,"{""Ni"": 4, ""Mn"": 4, ""Ti"": 4, ""Sn"": 4, ""Li"": 3, ""Co"": 4, ""Ca"": 4}",7,1.9415,0.4854,2,0,0,0,0,Na27Ni4Mn4Ti4Sn4Li3Co4Ca4O54,0.090048241,0.040983369,2152.794493,137.7947772,-615.5330811,-611.8126221,1237.634263,-9.214048032,1,7.266192901,-147.0088252,-559.4076538,-559.6564331,2.991366634,2.074325996,1.730593956,0,0,,,7.266192901,P3,1.730593956,FALSE,0.548696254,53.2048624,115.2772019,-0.29889862,1211.961694,1216.215839,-2.074325996,-1.730593956,401,1,0.02,2.71E-07
B_Mg-Ti-Cu-Zn-Sn,B,Mg-Ti-Cu-Zn-Sn,Mg,,,"{""Ni"": 4, ""Mn"": 4, ""Mg"": 3, ""Ti"": 4, ""Cu"": 4, ""Zn"": 4, ""Sn"": 4}",7,1.9415,0.4854,3,0,0,0,0,Na27Ni4Mn4Mg3Ti4Cu4Zn4Sn4O54,0.079018406,0.029953534,1889.102857,139.5444517,-598.8110352,-595.043335,1205.378698,-24.38015408,0,5.179323953,-163.9246058,-542.8192749,-543.4775391,3.000357582,2.321229801,0.88529594,0,0,,,5.179323953,P3,0.88529594,FALSE,0.590128224,41.95181159,109.0747101,0.591361465,1177.399089,1194.70753,-2.321229801,-0.88529594,404,1,0.02,1.77E-06
B_Mg-Al-Ti-Ga-Co,B,Mg-Al-Ti-Ga-Co,Mg,,,"{""Ni"": 4, ""Mn"": 4, ""Mg"": 3, ""Al"": 4, ""Ti"": 4, ""Ga"": 4, ""Co"": 4}",7,1.9415,0.4854,0,1,0,0,0,Na27Ni4Mn4Mg3Al4Ti4Ga4Co4O54,0.070365863,0.021300991,1682.245437,133.3618164,-632.6943359,-629.0935669,1130.87555,-25.14648438,3,6.58186407,-158.5083008,-578.8918457,-579.5708008,2.821111413,2.877601052,0.665824423,0,0,,,6.58186407,P3,0.665824423,FALSE,0.594902951,85.34894022,123.2818025,0.636345541,1098.333463,1123.345904,-2.877601052,-0.665824423,413,1,0.02,5.24E-06
A_Al-Ti-Ga-Li-Co,A,Al-Ti-Ga-Li-Co,,,,"{""Ni"": 6, ""Mn"": 6, ""Al"": 3, ""Ti"": 3, ""Ga"": 3, ""Li"": 3, ""Co"": 3}",7,1.8892,0.4723,3,0,0,0,0,Na27Ni6Mn6Al3Ti3Ga3Li3Co3O54,0.080364249,0.032623542,1974.567822,119.6876808,-616.036499,-612.8049316,1122.069625,-20.05570023,2,9.343630829,-139.7433811,-560.0136108,-560.5551147,2.988488591,1.971693332,0.800090494,0,0,,,9.343630829,P3,0.800090494,FALSE,0.587619811,86.21327956,124.5302927,0.33751327,1099.945853,1113.092052,-1.971693332,-0.800090494,420,1,0.02,2.02E-07
A_Mg-Ti-Cu-Zn-Ga,A,Mg-Ti-Cu-Zn-Ga,,,,"{""Ni"": 6, ""Mn"": 6, ""Mg"": 3, ""Ti"": 3, ""Cu"": 3, ""Zn"": 3, ""Ga"": 3}",7,1.8892,0.4723,6,0,0,0,0,Na27Ni6Mn6Mg3Ti3Cu3Zn3Ga3O54,0.079973534,0.032232827,1964.967874,126.8355758,-592.6174316,-589.1928711,1156.079604,-21.61096644,2,6.515785704,-148.4465422,-536.6361084,-537.2196045,2.993601459,2.778676819,0.201739249,0,0,,,6.515785704,P3,0.201739249,FALSE,0.588612978,53.97931468,116.9551818,0.428808386,1123.955888,1153.747337,-2.778676819,-0.201739249,433,1,0.02,5.97E-07
B_Mg-Al-Mn-Zn-Co,B,Mg-Al-Mn-Zn-Co,Mg,,,"{""Ni"": 4, ""Mn"": 8, ""Mg"": 3, ""Al"": 4, ""Zn"": 4, ""Co"": 4}",6,1.7361,0.434,3,0,0,0,0,Na27Ni4Mn8Mg3Al4Zn4Co4O54,0.052816366,0.008947074,1412.231516,126.9734701,-595.8577881,-592.4295044,1130.538805,-24.67628762,3,5.12760163,-151.6497577,-541.2320557,-541.8983154,2.869493512,2.928304731,0.746002918,0,0,,,5.12760163,P3,0.746002918,FALSE,0.596864674,47.23177053,122.8026034,0.608744692,1097.433183,1122.104952,-2.928304731,-0.746002918,434,1,0.02,2.05E-06
B_Mg-Zn-Ga-Zr-Co,B,Mg-Zn-Ga-Zr-Co,Mg,,,"{""Ni"": 4, ""Mn"": 4, ""Mg"": 3, ""Zn"": 4, ""Ga"": 4, ""Zr"": 4, ""Co"": 4}",7,1.9415,0.4854,3,0,0,0,0,Na27Ni4Mn4Mg3Zn4Ga4Zr4Co4O54,0.085371346,0.036306473,2040.983374,138.9431424,-605.763855,-602.0123901,1188.196124,-21.31709346,1,10.3299645,-160.2602358,-549.2754517,-549.8510132,3.023555636,1.947993413,0.296984434,0,0,,,10.3299645,P3,0.296984434,FALSE,0.582563013,42.49689862,110.4919364,0.411557856,1165.050141,1191.724881,-1.947993413,0.296984434,435,1,0.02,1.80E-06
A_Al-Cu-Zn-Ga-Co,A,Al-Cu-Zn-Ga-Co,,,,"{""Ni"": 6, ""Mn"": 6, ""Al"": 3, ""Cu"": 3, ""Zn"": 3, ""Ga"": 3, ""Co"": 3}",7,1.8892,0.4723,6,0,0,0,0,Na27Ni6Mn6Al3Cu3Zn3Ga3Co3O54,0.080724093,0.032983386,1983.409278,121.53682,-577.4104614,-574.1289673,1135.271518,-20.47616464,3,4.394525343,-142.0129847,-523.8570557,-524.4099121,2.80227033,3.970966757,1.929074078,0,0,,,5,P3,1.929074078,FALSE,0.587941002,53.24246708,115.3586787,0.362194798,1090.190263,1113.371289,-3.970966757,-1.929074078,438,1,0.02,7.53E-07
B_Al-Ti-Cu-Zn-Ga,B,Al-Ti-Cu-Zn-Ga,Al,,,"{""Ni"": 4, ""Mn"": 4, ""Al"": 3, ""Ti"": 4, ""Cu"": 4, ""Zn"": 4, ""Ga"": 4}",7,1.9415,0.4854,4,0,0,0,0,Na27Ni4Mn4Al3Ti4Cu4Zn4Ga4O54,0.080198123,0.031133251,1917.306502,128.0901874,-606.7963257,-603.3378906,1153.112913,-22.57848669,2,3.844895747,-150.668674,-551.0961304,-551.7057495,2.973652353,2.953318732,2.112304716,0,0,,,5,P3,2.112304716,FALSE,0.59067103,35.65928571,115.8926786,0.485602442,1119.057814,1128.755655,-2.953318732,-2.112304716,442,1,0.02,8.56E-07
B_Mg-Al-Mn-Zr-Co,B,Mg-Al-Mn-Zr-Co,Mn,,,"{""Ni"": 4, ""Mn"": 7, ""Mg"": 4, ""Al"": 4, ""Zr"": 4, ""Co"": 4}",6,1.7645,0.4411,0,3,0,0,0,Na27Ni4Mn7Mg4Al4Zr4Co4O54,0.076394093,0.031807123,2009.786061,161.9285301,-648.0422974,-643.6702271,1175.786241,-28.49663628,4,6.97181931,-190.4251664,-595.0895386,-595.8589478,2.761592745,3.959930896,0.419567955,0,0,,,6.97181931,P3,0.419567955,FALSE,0.590570984,101.3163688,119.7375267,0.833001592,1129.225919,1170.853019,-3.959930896,-0.419567955,454,1,0.02,5.65E-06
,,,,,,,,,,,,,,,,,,,,,,,,,,,,,,,,,,,,,,,,,,,,,,,,,,,
,,,,,,,,,,,,,,,,,,,,,,,,,,,,,,,,,,,,,,,,,,,,,,,,,,,
,,,,,,,,,,,,,,,,,,,,,,,,,,,,,,,,,,,,,,,,,,,,,,,,,,,
,,,,,,,,,,,,,,,,,,,,,,,,,,,,,,,,,,,,,,,,,,,,,,,,,,,
,,,,,,,,,,,,,,,,,,,,,,,,,,,,,,,,,,,,,,,,,,,,,,,,,,,
,,,,,,,,,,,,,,,,,,,,,,,,,,,,,,,,,,,,,,,,,,,,,,,,,,,
,,,,,,,,,,,,,,,,,,,,,,,,,,,,,,,,,,,,,,,,,,,,,,,,,,,
,,,,,,,,,,,,,,,,,,,,,,,,,,,,,,,,,,,,,,,,,,,,,,,,,,,
comp_id,dopants,sconf_kB,Ehull,Ehull_eff,T_star,dE_pris,E_pris_O3,E_pris_P3,Vol_pris_O3,dE_desod,ddE,E_desod_O3,E_desod_P3,V_avg,dV_O3,dV_trans,phase_desod,dV_nat,,,,,,k_best,sigma_vac,,,,,,,n_unconverged,n_phase_flip,dE_desod_B,model_disagree,delta,,,suppressed,x_cross,cap_theor,cap_window,ruler_pos,Vol_desod_O3,Vol_desod_P3,sdV_O3,sdV_P3,score,tier,conf_mean,conf_min
B_B-Mg-Ti-Mn-Sn,B-Mg-Ti-Mn-Sn,1.7645,0.132179885,0.087592915,3477.406186,139.5851418,-650.4169922,-646.6481934,1232.554041,6.670916522,-132.9142253,-599.1693726,-598.9892578,2.604985925,5.273431137,4.698425336,O3,5.273431137,,,,,,0,5.60426715,,,,,,,0,0,,,5.60426715,,,TRUE,0.494353138,138.1113598,119.6965119,-1.231356157,1167.556152,1174.643409,-5.273431137,-4.698425336,2921,0,0.02,4.58E-06
B_Mg-Ti-Mn-Co-Ca,Mg-Ti-Mn-Co-Ca,1.7645,0.067929357,0.023342388,1787.094673,142.6549841,-628.1838379,-624.3321533,1204.889759,-16.67616102,-159.3311451,-572.296875,-572.7471313,2.898701181,2.071486464,0.927467073,P3,0.927467073,,,,,,4,12.27545394,,,,,,,0,0,,,12.27545394,,,FALSE,0.568912073,67.27245317,124.9345559,0.139132166,1179.93063,1193.714803,-2.071486464,-0.927467073,112,1,0.02,3.31E-06
B_Mg-Al-Mn-Cu-Co,Mg-Al-Mn-Cu-Co,1.7361,0.063258875,0.019389582,1691.448756,124.2178458,-601.3540039,-598.0001221,1118.156799,-19.35266565,-143.5705114,-549.6223145,-550.1448364,2.649198853,2.825344818,0.952497995,P3,0.952497995,,,,,,3,3.589530942,,,,,,,0,0,,,5,,,FALSE,0.583420078,47.35615395,123.1260003,0.296244692,1086.565014,1107.506378,-2.825344818,-0.952497995,212,1,0.02,2.23E-06
B_Mn-Cu-Zn-Ga-Co,Mn-Cu-Zn-Ga-Co,1.7361,0.065651125,0.021781833,1755.413987,115.1462131,-576.5859985,-573.4770508,1130.988674,-18.40775101,-133.5539641,-523.862793,-524.3598022,2.730943707,2.060104688,0.408632374,P3,0.408632374,,,,,,2,7.432336356,,,,,,,0,0,,,7.432336356,,,FALSE,0.58488114,42.869691,111.4611966,0.240777601,1107.689123,1135.61026,-2.060104688,0.408632374,247,1,0.02,1.68E-06
B_Mg-Mn-Zn-Ga-Sn,Mg-Mn-Zn-Ga-Sn,1.7645,0.063065788,0.018478818,1659.143221,139.6529586,-582.9528809,-579.182251,1197.792431,-22.64630353,-162.2992622,-524.0736084,-524.6850586,3.208257409,1.496006734,0.961744959,P3,0.961744959,,,,,,2,3.337215008,,,,,,,0,0,,,5,,,FALSE,0.585701669,58.3242788,108.3165178,0.489583333,1179.873376,1209.312139,-1.496006734,0.961744959,248,1,0.02,9.96E-07
,,,,,,,,,,,,,,,,,,,,,,,,,,,,,,,,,,,,,,,,,,,,,,,,,,,
,,,,,,,,,,,,,,,,,,,,,,,,,,,,,,,,,,,,,,,,,,,,,,,,,,,
,,,,,,,,,,,,,,,,,,,,,,,,,,,,,,,,,,,,,,,,,,,,,,,,,,,
,,,,,,,,,,,,,,,,,,,,,,,,,,,,,,,,,,,,,,,,,,,,,,,,,,,
,,,dopants,phase_desod,E_desod_O3,E_desod_P3,dE_desod,ddE,dV_nat,,,,,,,,,,,,,,,,,,,,,,,,,,,,,,,,,,,,,,,,,,
,,,B-Mg-Ti-Mn-Sn,O3,-599.1693726,-598.9892578,6.670916522,-132.9142253,5.273431137,,,,,,,,,,,,,,,,,,,,,,,,,,,,,,,,,,,,,,,,,,
,,,Mg-Ti-Mn-Co-Ca,P3,-572.296875,-572.7471313,-16.67616102,-159.3311451,0.927467073,,,,,,,,,,,,,,,,,,,,,,,,,,,,,,,,,,,,,,,,,,
,,,Mg-Al-Mn-Cu-Co,P3,-549.6223145,-550.1448364,-19.35266565,-143.5705114,0.952497995,,,,,,,,,,,,,,,,,,,,,,,,,,,,,,,,,,,,,,,,,,
,,,Mn-Cu-Zn-Ga-Co,P3,-523.862793,-524.3598022,-18.40775101,-133.5539641,0.408632374,,,,,,,,,,,,,,,,,,,,,,,,,,,,,,,,,,,,,,,,,,
,,,Mg-Mn-Zn-Ga-Sn,P3,-524.0736084,-524.6850586,-22.64630353,-162.2992622,0.961744959,,,,,,,,,,,,,,,,,,,,,,,,,,,,,,,,,,,,,,,,,,